{
  "Farm": "Farm",
  "Staking": "Staking",
  "Syrup Pool": "Syrup Pool",
  "Exchange": "Exchange",
  "Docs": "Docs",
  "Voting": "Voting",
  "Lottery": "Lottery",
  "Unlock Wallet": "Unlock Wallet",
  "Your %asset% Balance": "Your %asset% Balance",
  "Total %asset% Supply": "Total %asset% Supply",
  "Locked": "Locked",
  "Pending harvest": "Pending harvest",
  "New rewards per block": "New rewards per block",
  "Total CAKE burned since launch": "Total CAKE burned since launch",
  "See the Kitchen": "See the Kitchen",
  "Telegram": "Telegram",
  "Blog": "Blog",
  "Github": "Github",
  "Twitter": "Twitter",
  "Deposit": "Deposit",
  "Earn": "Earn",
  "Stake LP tokens to stack CAKE": "Stake LP tokens to stack CAKE",
  "You can swap back anytime": "You can swap back anytime",
  "%asset% Earned": "%asset% Earned",
  "Tokens Staked": "Tokens Staked",
  "Every time you stake and unstake CAKE tokens, the contract will automagically harvest CAKE rewards for you!": "Every time you stake and unstake CAKE tokens, the contract will automagically harvest CAKE rewards for you!",
  "XVS Tokens Earned": "XVS Tokens Earned",
  "Rewards will be calculated per block and total rewards will be distributed automatically at the end of each project’s farming period.": "Rewards will be calculated per block and total rewards will be distributed automatically at the end of each project’s farming period.",
  "Pool": "Pool",
  "Coming Soon": "Coming Soon",
  "APY": "APY",
  "Total Liquidity": "Total Liquidity",
  "View on BscScan": "View on BscScan",
  "Cake price": "Cake price",
  "%asset% Tokens Earned": "%asset% Tokens Earned",
  "%num% blocks until farming ends": "%num% blocks until farming ends",
  "Coming Soon...": "Coming Soon...",
  "Your Stake": "Your Stake",
  "Farming starts in %num% Blocks": "Farming starts in %num% Blocks",
  "Finished": "Finished",
  "Farming ends in %num% Blocks": "Farming ends in %num% Blocks",
  "Project site": "Project site",
  "Info site": "Info site",
  "You can unstake at any time.": "You can unstake at any time.",
  "Rewards are calculated per block.": "Rewards are calculated per block.",
  "Total": "Total",
  "End": "End",
  "View Project Site": "View Project Site",
  "Your Project? 👀": "Your Project? 👀",
  "Create a pool for your token": "Create a pool for your token",
  "Apply now": "Apply now",
  "Round 1: BUYING": "Round 1: BUYING",
  "%num% CAKE": "%num% CAKE",
  "Spend CAKE to buy tickets, contributing to the lottery pot. Ticket purchases end approx. 30 minutes before lottery. Win prizes if 2, 3, or 4 of your ticket numbers match the winning numbers and their positions! Good luck!": "Spend CAKE to buy tickets, contributing to the lottery pot. Ticket purchases end approx. 30 minutes before lottery. Win prizes if 2, 3, or 4 of your ticket numbers match the winning numbers and their positions! Good luck!",
  "Your total tickets for this round": "Your total tickets for this round",
  "Buy ticket": "Buy ticket",
  "View your tickets": "View your tickets",
  "Approx. time left to buy tickets": "Approx. time left to buy tickets",
  "My Tickets (Total: %TICKETS%)": "My Tickets (Total: %TICKETS%)",
  "Close": "Close",
  "Latest Winning Numbers": "Latest Winning Numbers",
  "Ticket": "Ticket",
  "Tickets matching 4 numbers:": "Tickets matching 4 numbers:",
  "Tickets matching 3 numbers:": "Tickets matching 3 numbers:",
  "Tickets matching 2 numbers:": "Tickets matching 2 numbers:",
  "Export recent winning numbers": "Export recent winning numbers",
  "Enter amount of tickets to buy": "Enter amount of tickets to buy",
  "Max": "Max",
  "%num% CAKE Available": "%num% CAKE Available",
  "%num% %symbol% Available": "%num% %symbol% Available",
  "Your amount must be a multiple of 10 CAKE": "Your amount must be a multiple of 10 CAKE",
  "1 Ticket = %lotteryPrice% CAKE": "1 Ticket = %lotteryPrice% CAKE",
  "Until ticket sale:": "Until ticket sale:",
  "You will spend: %num% CAKE": "You will spend: %num% CAKE",
  "Cancel": "Cancel",
  "Confirm": "Confirm",
  "Warning": "Warning",
  "Lottery ticket purchases are final.": "Lottery ticket purchases are final.",
  "Your CAKE will not be returned to you after you spend it to buy tickets.": "Your CAKE will not be returned to you after you spend it to buy tickets.",
  "Tickets are only valid for one lottery draw, and will be burned after the draw.": "Tickets are only valid for one lottery draw, and will be burned after the draw.",
  "Buying tickets does not guarantee you will win anything. Please only participate once you understand the risks.": "Buying tickets does not guarantee you will win anything. Please only participate once you understand the risks.",
  "I understand": "I understand",
  "Ticket purchases are final. Your CAKE cannot be returned to you after buying tickets.": "Ticket purchases are final. Your CAKE cannot be returned to you after buying tickets.",
  "Claim prizes": "Claim prizes",
  "CAKE prizes to be claimed": "CAKE prizes to be claimed",
  "Round 2: CLAIMING": "Round 2: CLAIMING",
  "Pending Confirmation": "Pending Confirmation",
  "Approx. time before next lottery start": "Approx. time before next lottery start",
  "Approve CAKE": "Approve CAKE",
  "IFO: Initial Farm Offerings": "IFO: Initial Farm Offerings",
  "Buy new tokens with a brand new token sale model.": "Buy new tokens with a brand new token sale model.",
  "You’ll pay for the new tokens using CAKE-BNB LP tokens, which means you need to stake equal amounts of CAKE and BNB in a liquidity pool to take part.": "You’ll pay for the new tokens using CAKE-BNB LP tokens, which means you need to stake equal amounts of CAKE and BNB in a liquidity pool to take part.",
  "Get CAKE-BNB LP >": "Get CAKE-BNB LP >",
  "The project gets the BNB, PancakeSwap burns the CAKE.": "The project gets the BNB, PancakeSwap burns the CAKE.",
  "You get the tokens.": "You get the tokens.",
  "Want to launch your own IFO?": "Want to launch your own IFO?",
  "Launch your project with PancakeSwap, Binance Smart Chain’s most-used AMM project and liquidity provider, to bring your token directly to the most active and rapidly growing community on BSC.": "Launch your project with PancakeSwap, Binance Smart Chain’s most-used AMM project and liquidity provider, to bring your token directly to the most active and rapidly growing community on BSC.",
  "Apply to launch": "Apply to launch",
  "Community": "Community",
  "Core": "Core",
  "Available": "Available",
  "My Wallet": "My Wallet",
  "Sign out": "Sign out",
  "Harvest all (%count%)": "Harvest all (%count%)",
  "Cake Stats": "Cake Stats",
  "Total CAKE Supply": "Total CAKE Supply",
  "Total CAKE Burned": "Total CAKE Burned",
  "New CAKE/block": "New CAKE/block",
  "Farms & Staking": "Farms & Staking",
  "CAKE to Harvest": "CAKE to Harvest",
  "CAKE in Wallet": "CAKE in Wallet",
  "Collecting CAKE": "Collecting CAKE",
  "Your Lottery Winnings": "Your Lottery Winnings",
  "CAKE to Collect": "CAKE to Collect",
  "Total jackpot this round": "Total jackpot this round",
  "Collect Winnings": "Collect Winnings",
  "Buy Tickets": "Buy Tickets",
  "Harvest": "Harvest",
  "Approve": "Approve",
  "Select": "Select",
  "Winning Numbers This Round": "Winning Numbers This Round",
  "Winning numbers": "Winning numbers",
  "Total prizes": "Total prizes",
  "Round #%num%": "Round #%num%",
  "Total Pot:": "Total Pot:",
  "Staking Pool": "Staking Pool",
  "PancakeSwap": "PancakeSwap",
  "The #1 AMM and yield farm on Binance Smart Chain.": "The #1 AMM and yield farm on Binance Smart Chain.",
  "Stake CAKE to earn new tokens.": "Stake CAKE to earn new tokens.",
  "Launch Time": "Launch Time",
  "For Sale": "For Sale",
  "CAKE to burn (USD)": "CAKE to burn (USD)",
  "CAKE to burn:": "CAKE to burn:",
  "Unstake": "Unstake",
  "⭐️ Every time you stake and unstake LP tokens, the contract will automagically harvest CAKE rewards for you!": "⭐️ Every time you stake and unstake LP tokens, the contract will automagically harvest CAKE rewards for you!",
  "How to take part": "How to take part",
  "Before Sale": "Before Sale",
  "Buy CAKE and BNB tokens": "Buy CAKE and BNB tokens",
  "Get CAKE-BNB LP tokens by adding CAKE and BNB liquidity": "Get CAKE-BNB LP tokens by adding CAKE and BNB liquidity",
  "During Sale": "During Sale",
  "While the sale is live, commit your CAKE-LP tokens to buy the IFO tokens": "While the sale is live, commit your CAKE-LP tokens to buy the IFO tokens",
  "After Sale": "After Sale",
  "Claim the tokens you bought, along with any unspent funds.": "Claim the tokens you bought, along with any unspent funds.",
  "Done!": "Done!",
  "Read more": "Read more",
  "Connect": "Connect",
  "Trade in for CAKE, or keep for your collection!": "Trade in for CAKE, or keep for your collection!",
  "Register your interest in winning an NFT below.": "Register your interest in winning an NFT below.",
  "Register for a chance to win": "Register for a chance to win",
  "Learn more": "Learn more",
  "Trade in NFT": "Trade in NFT",
  "Trade in": "Trade in",
  "You will receive": "You will receive",
  "When you trade in this NFT to receive CAKE, you will lose access to it forever!": "When you trade in this NFT to receive CAKE, you will lose access to it forever!",
  "Claim NFT": "Claim NFT",
  "How it works": "How it works",
  "Winners will be able to claim an NFT on this page once the claiming period starts.": "Winners will be able to claim an NFT on this page once the claiming period starts.",
  "If you’re not selected, you won’t be able to claim. Better luck next time!": "If you’re not selected, you won’t be able to claim. Better luck next time!",
  "Winners can trade in their NFTs for a CAKE value until the expiry date written below. If you don't trade in your NFT by then, don’t worry: you’ll still keep it in your wallet!": "Winners can trade in their NFTs for a CAKE value until the expiry date written below. If you don't trade in your NFT by then, don’t worry: you’ll still keep it in your wallet!",
  "How are winners selected?": "How are winners selected?",
  "Winners are selected at random! Good luck!": "Winners are selected at random! Good luck!",
  "Value if traded in": "Value if traded in",
  "Number minted": "Number minted",
  "Number burned": "Number burned",
  "Claim this NFT": "Claim this NFT",
  "Trade in for CAKE": "Trade in for CAKE",
  "Loading…": "Loading…",
  "Details": "Details",
  "You won!": "You won!",
  "Claim an NFT from the options below!": "Claim an NFT from the options below!",
  "Can be traded until": "Can be traded until",
  "Wallet Disconnected": "Wallet Disconnected",
  "Connect to see if you have won an NFT!": "Connect to see if you have won an NFT!",
  "Home": "Home",
  "Trade": "Trade",
  "Farms": "Farms",
  "Pools": "Pools",
  "NFT": "NFT",
  "Info": "Info",
  "IFO": "IFO",
  "More": "More",
  "Liquidity": "Liquidity",
  "Overview": "Overview",
  "Token": "Token",
  "Pairs": "Pairs",
  "Accounts": "Accounts",
  "Stake LP tokens to earn CAKE": "Stake LP tokens to earn CAKE",
  "Active": "Active",
  "Inactive": "Inactive",
  "Dual": "Dual",
  "Compound": "Compound",
  "Unstake %asset%": "Unstake %asset%",
  "The CAKE Lottery": "The CAKE Lottery",
  "Buy tickets with CAKE": "Buy tickets with CAKE",
  "Win if 2, 3 or 4 of your ticket numbers match!": "Win if 2, 3 or 4 of your ticket numbers match!",
  "%time% Until lottery draw": "%time% Until lottery draw",
  "Next draw": "Next draw",
  "Past draws": "Past draws",
  "Round %num%": "Round %num%",
  "Total Pot": "Total Pot",
  "Your tickets for this round": "Your tickets for this round",
  "Sorry, no prizes to collect": "Sorry, no prizes to collect",
  "In Wallet": "In Wallet",
  "Loading...": "Loading...",
  "Next IFO": "Next IFO",
  "Past IFOs": "Past IFOs",
  "APR": "APR",
  "Select lottery number:": "Select lottery number:",
  "Search": "Search",
  "History": "History",
  "Pool Size": "Pool Size",
  "Burned": "Burned",
  "To burn": "To burn",
  "Show Last": "Show Last",
  "Prize Pot": "Prize Pot",
  "Winners": "Winners",
  "No. Matched": "No. Matched",
  "Approve Contract": "Approve Contract",
  "%asset% staked": "%asset% staked",
  "Total Value Locked": "Total Value Locked",
  "Across all LPs and Syrup Pools": "Across all LPs and Syrup Pools",
  "Your wallet": "Your wallet",
  "Logout": "Logout",
  "Profile Setup": "Profile Setup",
  "Show off your stats and collectibles with your unique profile.": "Show off your stats and collectibles with your unique profile.",
  "Total cost: 10 CAKE": "Total cost: 10 CAKE",
  "Get Starter Collectible": "Get Starter Collectible",
  "Set Profile Picture": "Set Profile Picture",
  "Join Team": "Join Team",
  "Set Name": "Set Name",
  "Step 1": "Step 1",
  "Every profile starts by making a \"starter\" collectible (NFT).": "Every profile starts by making a \"starter\" collectible (NFT).",
  "This starter will also become your first profile picture.": "This starter will also become your first profile picture.",
  "You can change your profile pic later if you get another approved Pancake Collectible,": "You can change your profile pic later if you get another approved Pancake Collectible,",
  "Choose your Starter!": "Choose your Starter!",
  "Choose wisely: you can only ever make one starter collectible!": "Choose wisely: you can only ever make one starter collectible!",
  "Cost: 5 CAKE": "Cost: 5 CAKE",
  "Next Step": "Next Step",
  "Approving": "Approving",
  "Confirming": "Confirming",
  "Approved": "Approved",
  "Confirmed": "Confirmed",
  "Insufficient CAKE balance": "Insufficient CAKE balance",
  "Step 2": "Step 2",
  "Choose collectible": "Choose collectible",
  "Choose a profile picture from the eligible collectibles (NFT) in your wallet, shown below.": "Choose a profile picture from the eligible collectibles (NFT) in your wallet, shown below.",
  "Only approved Pancake Collectibles can be used.": "Only approved Pancake Collectibles can be used.",
  "Allow collectible to be locked": "Allow collectible to be locked",
  "The collectible you've chosen will be locked in a smart contract while it's being used as your profile picture. ": "The collectible you've chosen will be locked in a smart contract while it's being used as your profile picture. ",
  "Don't worry - you'll be able to get it back at any time.": "Don't worry - you'll be able to get it back at any time.",
  "Step 3": "Step 3",
  "Join a Team": "Join a Team",
  "It won't be possible to undo the choice you make for the foreseeable future!": "It won't be possible to undo the choice you make for the foreseeable future!",
  "There's currently no big difference between teams, and no benefit of joining one team over another for now.": "There's currently no big difference between teams, and no benefit of joining one team over another for now.",
  "So pick whichever you like!": "So pick whichever you like!",
  "%count% Members": "%count% Members",
  "Step 4": "Step 4",
  "This name will be shown in team leaderboards and search results as long as your profile is active.": "This name will be shown in team leaderboards and search results as long as your profile is active.",
  "Your name must be at least 3 and at most 15 standards letters and numbers long.": "Your name must be at least 3 and at most 15 standards letters and numbers long.",
  "Complete Profile": "Complete Profile",
  "Maximum length: 15 characters": "Maximum length: 15 characters",
  "Minimum length: 3 characters": "Minimum length: 3 characters",
  "No spaces or special characters": "No spaces or special characters",
  "Submitting NFT to contract and confirming User Name and Team": "Submitting NFT to contract and confirming User Name and Team",
  "Oops!": "Oops!",
  "We couldn't find any Pancake Collectibles in your wallet.": "We couldn't find any Pancake Collectibles in your wallet.",
  "You need a Pancake Collectible to finish setting up your profile. If you sold or transferred your starter collectible to another wallet, you'll need to get it back or acquire a new one somehow. You can't make a new starter with this wallet address.": "You need a Pancake Collectible to finish setting up your profile. If you sold or transferred your starter collectible to another wallet, you'll need to get it back or acquire a new one somehow. You can't make a new starter with this wallet address.",
  "ROI": "ROI",
  "Timeframe": "Timeframe",
  "CAKE per $1000": "CAKE per $1000",
  "Calculated based on current rates. Compounding %freq%x daily. Rates are estimates provided for your convenience only, and by no means represent guaranteed returns.": "Calculated based on current rates. Compounding %freq%x daily. Rates are estimates provided for your convenience only, and by no means represent guaranteed returns.",
  "You can't change this once you click Confirm.": "You can't change this once you click Confirm.",
  "Until ticket sale": "Until ticket sale",
  "To burn:": "To burn:",
  "On sale soon": "On sale soon",
  "On sale": "On sale",
  "Teams Overview": "Teams Overview",
  "Teams": "Teams",
  "See More": "See More",
  "Team Achievements": "Team Achievements",
  "Team Points": "Team Points",
  "Active Members": "Active Members",
  "Set up now": "Set up now",
  "You haven’t set up your profile yet!": "You haven’t set up your profile yet!",
  "You can do this at any time by clicking on your profile picture in the menu": "You can do this at any time by clicking on your profile picture in the menu",
  "Collect": "Collect",
  "Compounding": "Compounding",
  "Harvesting": "Harvesting",
  "Buy CAKE": "Buy CAKE",
  "Get LP tokens": "Get LP tokens",
  "Show": "Show",
  "Hide": "Hide",
  "Stake LP tokens": "Stake LP tokens",
  "Stake": "Stake",
  "Earned": "Earned",
  "Staked": "Staked",
  "The lottery number you provided does not exist": "The lottery number you provided does not exist",
  "Error fetching data": "Error fetching data",
  "Unlock wallet to access lottery": "Unlock wallet to access lottery",
  "Teams & Profiles": "Teams & Profiles",
  "Earn more points for completing larger quests!": "Earn more points for completing larger quests!",
  "Collecting points for these tasks makes them available again.": "Collecting points for these tasks makes them available again.",
  "Earn points by completing regular tasks!": "Earn points by completing regular tasks!",
  "Task Center": "Task Center",
  "Achievements": "Achievements",
  "Enter your name...": "Enter your name...",
  "I understand that people can view my wallet if they know my username": "I understand that people can view my wallet if they know my username",
  "A minimum of %num% CAKE is required": "A minimum of %num% CAKE is required",
  "Only reuse a name from other social media if you're OK with people viewing your wallet. You can't change your name once you click Confirm.": "Only reuse a name from other social media if you're OK with people viewing your wallet. You can't change your name once you click Confirm.",
  "Please connect your wallet to continue": "Please connect your wallet to continue",
  "Public Profile": "Public Profile",
  "Show off your stats and collectibles with your unique profile. Team features will be revealed soon!": "Show off your stats and collectibles with your unique profile. Team features will be revealed soon!",
  "Points": "Points",
  "Set Your Name": "Set Your Name",
  "Step %num%": "Step %num%",
  "See the list >": "See the list >",
  "Staked only": "Staked only",
  "Get %symbol%": "Get %symbol%",
  "Balance": "Balance",
  "Oops, page not found.": "Oops, page not found.",
  "Back Home": "Back Home",
  "Unstake LP tokens": "Unstake LP tokens",
  "Live": "Live",
  "Start": "Start",
  "Finish": "Finish",
  "Connect wallet to view": "Connect wallet to view",
  "Sorry, you needed to register during the “entry” period!": "Sorry, you needed to register during the “entry” period!",
  "Check your Rank": "Check your Rank",
  "You’re not participating this time.": "You’re not participating this time.",
  "Rank in team": "Rank in team",
  "Your volume": "Your volume",
  "Since start": "Since start",
  "Your Score": "Your Score",
  "Enable": "Enable",
  "Enabling": "Enabling",
  "%amount% CAKE": "%amount% CAKE",
  "IFO Shopper: %title%": "IFO Shopper: %title%",
  "%num% of total": "%num% of total",
  "All estimated rates take into account this pool’s %fee%% performance fee": "All estimated rates take into account this pool’s %fee%% performance fee",
  "Sorry, you didn’t contribute enough LP tokens to meet the minimum threshold. You didn’t buy anything in this sale, but you can still reclaim your LP tokens.": "Sorry, you didn’t contribute enough LP tokens to meet the minimum threshold. You didn’t buy anything in this sale, but you can still reclaim your LP tokens.",
  "Only applies within 3 days of staking. Unstaking after 3 days will not include a fee. Timer resets every time you stake new CAKE in the pool.": "Only applies within 3 days of staking. Unstaking after 3 days will not include a fee. Timer resets every time you stake new CAKE in the pool.",
  "Unstaking Fee": "Unstaking Fee",
  "unstaking fee until": "unstaking fee until",
  "unstaking fee if withdrawn within 72h": "unstaking fee if withdrawn within 72h",
  "Unstaking fee: %fee%%": "Unstaking fee: %fee%%",
  "Performance Fee": "Performance Fee",
  "Compound: collect and restake CAKE into pool.": "Compound: collect and restake CAKE into pool.",
  "Harvest: collect CAKE and send to wallet": "Harvest: collect CAKE and send to wallet",
  "%position% Entered": "%position% Entered",
  "Sort by": "Sort by",
  "Expired": "Expired",
  "Calculating": "Calculating",
  "Next": "Next",
  "Later": "Later",
  "Up": "Up",
  "Down": "Down",
  "%multiplier% Payout": "%multiplier% Payout",
  "Enter %direction%": "Enter %direction%",
  "Prize Pool:": "Prize Pool:",
  "Charts": "Charts",
  "Your history": "Your history",
  "All": "All",
  "Collected": "Collected",
  "Uncollected": "Uncollected",
  "Round": "Round",
  "Rounds": "Rounds",
  "PNL": "PNL",
  "Your Result": "Your Result",
  "Your direction": "Your direction",
  "Your position": "Your position",
  "Lose": "Lose",
  "Entry starts": "Entry starts",
  "Locked Price": "Locked Price",
  "Last Price": "Last Price",
  "Closed Price": "Closed Price",
  "Win": "Win",
  "Opening Block": "Opening Block",
  "Closing Block": "Closing Block",
  "Total Value Locked (TVL)": "Total Value Locked (TVL)",
  "Automatic restaking": "Automatic restaking",
  "Manual CAKE": "Manual CAKE",
  "Auto CAKE": "Auto CAKE",
  "Auto CAKE Bounty": "Auto CAKE Bounty",
  "Claim": "Claim",
  "Any funds you stake in this pool will be automagically harvested and restaked (compounded) for you.": "Any funds you stake in this pool will be automagically harvested and restaked (compounded) for you.",
  "Total staked": "Total staked",
  "Just stake some tokens to earn.": "Just stake some tokens to earn.",
  "High APR, low risk.": "High APR, low risk.",
  "Stake Liquidity Pool (LP) tokens to earn.": "Stake Liquidity Pool (LP) tokens to earn.",
  "Basic Sale": "Basic Sale",
  "Everyone can only commit a limited amount, but may expect a higher return per token committed.": "Everyone can only commit a limited amount, but may expect a higher return per token committed.",
  "Unlimited Sale": "Unlimited Sale",
  "No limits on the amount you can commit. Additional fee applies when claiming.": "No limits on the amount you can commit. Additional fee applies when claiming.",
  "Every person can only commit a limited amount, but may expect a higher return per token committed.": "Every person can only commit a limited amount, but may expect a higher return per token committed.",
  "You didn’t participate in this sale!": "You didn’t participate in this sale!",
  "Max. LP token entry": "Max. LP token entry",
  "How to Take Part": "How to Take Part",
  "Activate your Profile": "Activate your Profile",
  "You’ll need an active PancakeSwap Profile to take part in an IFO!": "You’ll need an active PancakeSwap Profile to take part in an IFO!",
  "Profile Active!": "Profile Active!",
  "Get CAKE-BNB LP Tokens": "Get CAKE-BNB LP Tokens",
  "Stake CAKE and BNB in the liquidity pool to get LP tokens.": "Stake CAKE and BNB in the liquidity pool to get LP tokens.",
  "You’ll spend them to buy IFO sale tokens.": "You’ll spend them to buy IFO sale tokens.",
  "Commit LP Tokens": "Commit LP Tokens",
  "When the IFO sales are live, you can “commit” your LP tokens to buy the tokens being sold.": "When the IFO sales are live, you can “commit” your LP tokens to buy the tokens being sold.",
  "We recommend committing to the Basic Sale first, but you can do both if you like.": "We recommend committing to the Basic Sale first, but you can do both if you like.",
  "Claim your tokens and achievement": "Claim your tokens and achievement",
  "After the IFO sales finish, you can claim any IFO tokens that you bought, and any unspent CAKE-BNB LP tokens will be returned to your wallet.": "After the IFO sales finish, you can claim any IFO tokens that you bought, and any unspent CAKE-BNB LP tokens will be returned to your wallet.",
  "This round’s closing transaction has been submitted to the blockchain, and is awaiting confirmation.": "This round’s closing transaction has been submitted to the blockchain, and is awaiting confirmation.",
  "No prediction history available": "No prediction history available",
  "If you are sure you should see history here, make sure you’re connected to the correct wallet and try again.": "If you are sure you should see history here, make sure you’re connected to the correct wallet and try again.",
  "Last price from Chainlink Oracle": "Last price from Chainlink Oracle",
  "Charts are provided for reference only and do not reflect rounds’ final outcome.": "Charts are provided for reference only and do not reflect rounds’ final outcome.",
  "Please refer to the prices shown on the cards for the final outcome.": "Please refer to the prices shown on the cards for the final outcome.",
  "%num% Points to Collect": "%num% Points to Collect",
  "Net results": "Net results",
  "Average return / round": "Average return / round",
  "Average position entered / round": "Average position entered / round",
  "Won": "Won",
  "Lost": "Lost",
  "Entered": "Entered",
  "Connect your wallet to view your prediction history": "Connect your wallet to view your prediction history",
  "Best round: %roundId%": "Best round: %roundId%",
  "You’ve already staked the maximum amount you can stake in this pool!": "You’ve already staked the maximum amount you can stake in this pool!",
  "Markets Paused": "Markets Paused",
  "Prediction markets have been paused due to an error.": "Prediction markets have been paused due to an error.",
  "All open positions have been canceled.": "All open positions have been canceled.",
  "You can reclaim any funds entered into existing positions via the History tab on this page.": "You can reclaim any funds entered into existing positions via the History tab on this page.",
  "Show History": "Show History",
  "Welcome!": "Welcome!",
  "This product is still in beta (testing) phase.": "This product is still in beta (testing) phase.",
  "Before you use this product, make sure you fully understand the risks involved.": "Before you use this product, make sure you fully understand the risks involved.",
  "Once you enter a position, you cannot cancel or adjust it.": "Once you enter a position, you cannot cancel or adjust it.",
  "All losses are final.": "All losses are final.",
  "I understand that I am using this product at my own risk. Any loss incurred due to my actions are my own responsibility.": "I understand that I am using this product at my own risk. Any loss incurred due to my actions are my own responsibility.",
  "Stake CAKE and BNB in the liquidity pool to get LP tokens. You'll spend them to buy IFO sale tokens.": "Stake CAKE and BNB in the liquidity pool to get LP tokens. You'll spend them to buy IFO sale tokens.",
  "You'll need an active PancakeSwap Profile to take part in an IFO!": "You'll need an active PancakeSwap Profile to take part in an IFO!",
  "Your LP tokens committed": "Your LP tokens committed",
  "Max. Committed": "Max. Committed",
  "Total committed:": "Total committed:",
  "Additional fee:": "Additional fee:",
  "Learn more about %symbol%": "Learn more about %symbol%",
  "Earned since your last action": "Earned since your last action",
  "Commit ~%amount% LP in total to earn!": "Commit ~%amount% LP in total to earn!",
  "Learn more about %title%": "Learn more about %title%",
  "365d(APY)": "365d(APY)",
  "%num%d": "%num%d",
  "d": "d",
  "h": "h",
  "m": "m",
  "Hide or show expandable content": "Hide or show expandable content",
  "No tokens to stake": "No tokens to stake",
  "Successfully claimed!": "Successfully claimed!",
  "Unable to claim NFT": "Unable to claim NFT",
  "Unable to claim NFT, please try again.": "Unable to claim NFT, please try again.",
  "Error": "Error",
  "1x %nftName% Collectible": "1x %nftName% Collectible",
  "1x %nftName% NFT": "1x %nftName% NFT",
  "NFT successfully transferred!": "NFT successfully transferred!",
  "View Contract": "View Contract",
  "See Pair Info": "See Pair Info",
  "Stake LP": "Stake LP",
  "Multiplier": "Multiplier",
  "Start Farming": "Start Farming",
  "Farming": "Farming",
  "Enable Farm": "Enable Farm",
  "Search Farms": "Search Farms",
  "To Top": "To Top",
  "Total value of the funds in this farm’s liquidity pool": "Total value of the funds in this farm’s liquidity pool",
  "The multiplier represents the amount of CAKE rewards each farm gets.": "The multiplier represents the amount of CAKE rewards each farm gets.",
  "For example, if a 1x farm was getting 1 CAKE per block, a 40x farm would be getting 40 CAKE per block.": "For example, if a 1x farm was getting 1 CAKE per block, a 40x farm would be getting 40 CAKE per block.",
  "Hot": "Hot",
  "Success!": "Success!",
  "You have successfully claimed your rewards.": "You have successfully claimed your rewards.",
  "Commit": "Commit",
  "If you don’t commit enough LP tokens, you may not receive any IFO tokens at all and will only receive a full refund of your LP tokens.": "If you don’t commit enough LP tokens, you may not receive any IFO tokens at all and will only receive a full refund of your LP tokens.",
  "LP Tokens required": "LP Tokens required",
  "Get LP tokens, or make sure your tokens aren’t staked somewhere else.": "Get LP tokens, or make sure your tokens aren’t staked somewhere else.",
  "Funds to raise:": "Funds to raise:",
  "Price per %symbol%:": "Price per %symbol%:",
  "You need an active PancakeSwap Profile to take part in an IFO!": "You need an active PancakeSwap Profile to take part in an IFO!",
  "Achievement": "Achievement",
  "Commit ~%minLp% LP in total to earn!": "Commit ~%minLp% LP in total to earn!",
  "What’s the difference between a Basic Sale and Unlimited Sale?": "What’s the difference between a Basic Sale and Unlimited Sale?",
  "In the Basic Sale, every user can commit a maximum of about 100 USD worth of CAKE-BNB LP Tokens. We calculate the maximum LP amount about 30 minutes before each IFO. The Basic Sale has no participation fee.": "In the Basic Sale, every user can commit a maximum of about 100 USD worth of CAKE-BNB LP Tokens. We calculate the maximum LP amount about 30 minutes before each IFO. The Basic Sale has no participation fee.",
  "In the Unlimited Sale, there’s no limit to the amount of CAKE-BNB LP Tokens you can commit. However, there’s a fee for participation: see below.": "In the Unlimited Sale, there’s no limit to the amount of CAKE-BNB LP Tokens you can commit. However, there’s a fee for participation: see below.",
  "Which sale should I commit to? Can I do both?": "Which sale should I commit to? Can I do both?",
  "You can choose one or both at the same time! If you’re only committing a small amount, we recommend the Basic Sale first. Just remember you need a PancakeSwap Profile in order to participate.": "You can choose one or both at the same time! If you’re only committing a small amount, we recommend the Basic Sale first. Just remember you need a PancakeSwap Profile in order to participate.",
  "How much is the participation fee?": "How much is the participation fee?",
  "There’s only a participation fee for the Unlimited Sale: there’s no fee for the Basic Sale.": "There’s only a participation fee for the Unlimited Sale: there’s no fee for the Basic Sale.",
  "The fee will start at 1%.": "The fee will start at 1%.",
  "The 1% participation fee decreases in cliffs, based on the percentage of overflow from the “Unlimited” portion of the sale.": "The 1% participation fee decreases in cliffs, based on the percentage of overflow from the “Unlimited” portion of the sale.",
  "Where does the participation fee go?": "Where does the participation fee go?",
  "We burn it. The CAKE-BNB LP tokens from the participation fee will be decomposed. We will then use the BNB portion to market buy the CAKE equivalent, and finally throw all of the CAKE into the weekly token burn.": "We burn it. The CAKE-BNB LP tokens from the participation fee will be decomposed. We will then use the BNB portion to market buy the CAKE equivalent, and finally throw all of the CAKE into the weekly token burn.",
  "How can I get an achievement for participating in the IFO?": "How can I get an achievement for participating in the IFO?",
  "You need to contribute a minimum of about 10 USD worth of CAKE-BNB LP Tokens to either sale.": "You need to contribute a minimum of about 10 USD worth of CAKE-BNB LP Tokens to either sale.",
  "You can contribute to one or both, it doesn’t matter. Only your overall contribution is counted for the achievement.": "You can contribute to one or both, it doesn’t matter. Only your overall contribution is counted for the achievement.",
  "The Lottery Is Changing!": "The Lottery Is Changing!",
  "Come back soon!": "Come back soon!",
  "Staked (compounding)": "Staked (compounding)",
  "Contract Enabled": "Contract Enabled",
  "You can now stake in the %symbol% vault!": "You can now stake in the %symbol% vault!",
  "You can now stake in the %symbol% pool!": "You can now stake in the %symbol% pool!",
  "Please try again. Confirm the transaction and make sure you are paying enough gas!": "Please try again. Confirm the transaction and make sure you are paying enough gas!",
  "Start earning": "Start earning",
  "Recent CAKE profit": "Recent CAKE profit",
  "Unstaked!": "Unstaked!",
  "Unstaked": "Unstaked",
  "Staked!": "Staked!",
  "Your funds have been staked in the pool": "Your funds have been staked in the pool",
  "Your earnings have also been harvested to your wallet": "Your earnings have also been harvested to your wallet",
  "%error% - Please try again.": "%error% - Please try again.",
  "Stake in Pool": "Stake in Pool",
  "Balance: %balance%": "Balance: %balance%",
  "%day%d : %hour%h : %minute%m": "%day%d : %hour%h : %minute%m",
  "%day%d %hour%h %minute%m": "%day%d %hour%h %minute%m",
  "Subtracted automatically from each yield harvest and burned.": "Subtracted automatically from each yield harvest and burned.",
  "Blocks": "Blocks",
  "Add to Metamask": "Add to Metamask",
  "Compounded": "Compounded",
  "Canceled": "Canceled",
  "Please try again and confirm the transaction.": "Please try again and confirm the transaction.",
  "Harvested": "Harvested",
  "Close Window": "Close Window",
  "Insufficient %symbol% balance": "Insufficient %symbol% balance",
  "You’ll need %symbol% to stake in this pool!": "You’ll need %symbol% to stake in this pool!",
  "Buy some %symbol%, or make sure your %symbol% isn’t in another pool or LP.": "Buy some %symbol%, or make sure your %symbol% isn’t in another pool or LP.",
  "Buy": "Buy",
  "Locate Assets": "Locate Assets",
  "%symbol% required": "%symbol% required",
  "Your %symbol% earnings have also been harvested to your wallet!": "Your %symbol% earnings have also been harvested to your wallet!",
  "Your %symbol% funds have been staked in the pool!": "Your %symbol% funds have been staked in the pool!",
  "Max stake for this pool: %amount% %token%": "Max stake for this pool: %amount% %token%",
  "Maximum total stake: %amount% %token%": "Maximum total stake: %amount% %token%",
  "APY includes compounding, APR doesn’t. This pool’s CAKE is compounded automatically, so we show APY.": "APY includes compounding, APR doesn’t. This pool’s CAKE is compounded automatically, so we show APY.",
  "This pool’s rewards aren’t compounded automatically, so we show APR": "This pool’s rewards aren’t compounded automatically, so we show APR",
  "Auto": "Auto",
  "Manual": "Manual",
  "Earn CAKE, stake CAKE": "Earn CAKE, stake CAKE",
  "This bounty is given as a reward for providing a service to other users.": "This bounty is given as a reward for providing a service to other users.",
  "Whenever you successfully claim the bounty, you’re also helping out by activating the Auto CAKE Pool’s compounding function for everyone.": "Whenever you successfully claim the bounty, you’re also helping out by activating the Auto CAKE Pool’s compounding function for everyone.",
  "Auto-Compound Bounty: %fee%% of all Auto CAKE pool users pending yield": "Auto-Compound Bounty: %fee%% of all Auto CAKE pool users pending yield",
  "Bounty collected!": "Bounty collected!",
  "CAKE bounty has been sent to your wallet.": "CAKE bounty has been sent to your wallet.",
  "Could not be collected": "Could not be collected",
  "There may be an issue with your transaction, or another user claimed the bounty first.": "There may be an issue with your transaction, or another user claimed the bounty first.",
  "Claim Bounty": "Claim Bounty",
  "You’ll claim": "You’ll claim",
  "Pool total pending yield": "Pool total pending yield",
  "Bounty": "Bounty",
  "What’s this?": "What’s this?",
  "Help": "Help",
  "Syrup Pools": "Syrup Pools",
  "Best round: #%roundId%": "Best round: #%roundId%",
  "View Reclaimed & Won": "View Reclaimed & Won",
  "This round was automatically canceled due to an error. If you entered a position, please reclaim your funds below.": "This round was automatically canceled due to an error. If you entered a position, please reclaim your funds below.",
  "Round History": "Round History",
  "Your History": "Your History",
  "Filter": "Filter",
  "Starting Soon": "Starting Soon",
  "Live Now": "Live Now",
  "Reclaim": "Reclaim",
  "This page can’t be displayed right now due to an error. Please check back soon.": "This page can’t be displayed right now due to an error. Please check back soon.",
  "Round Canceled": "Round Canceled",
  "Learn More": "Learn More",
  "Payout": "Payout",
  "%position% position entered": "%position% position entered",
  "Enter UP": "Enter UP",
  "Enter DOWN": "Enter DOWN",
  "An error occurred, unable to enter your position": "An error occurred, unable to enter your position",
  "Set Position": "Set Position",
  "Insufficient BNB balance": "Insufficient BNB balance",
  "A minimum amount of %num% %token% is required": "A minimum amount of %num% %token% is required",
  "Enter an amount": "Enter an amount",
  "You won’t be able to remove or change your position once you enter it.": "You won’t be able to remove or change your position once you enter it.",
  "Prize Pool": "Prize Pool",
  "Winnings collected!": "Winnings collected!",
  "Your prizes have been sent to your wallet": "Your prizes have been sent to your wallet",
  "Collecting": "Collecting",
  "Closing": "Closing",
  "Position reclaimed!": "Position reclaimed!",
  "Reclaim Position": "Reclaim Position",
  "This Product is in beta.": "This Product is in beta.",
  "I understand that I am using this product at my own risk. Any losses incurred due to my actions are my own responsibility.": "I understand that I am using this product at my own risk. Any losses incurred due to my actions are my own responsibility.",
  "I understand that this product is still in beta. I am participating at my own risk": "I understand that this product is still in beta. I am participating at my own risk",
  "Continue": "Continue",
  "Points Collected!": "Points Collected!",
  "%num% points": "%num% points",
  "Cost to update:": "Cost to update:",
  "Cost to reactivate:": "Cost to reactivate:",
  "Profile Updated!": "Profile Updated!",
  "Choose a new Collectible to use as your profile pic.": "Choose a new Collectible to use as your profile pic.",
  "Sorry! You don’t have any eligible Collectibles in your wallet to use!": "Sorry! You don’t have any eligible Collectibles in your wallet to use!",
  "Make sure you have a Pancake Collectible in your wallet and try again!": "Make sure you have a Pancake Collectible in your wallet and try again!",
  "Edit Profile": "Edit Profile",
  "Change Profile Pic": "Change Profile Pic",
  "Remove Profile Pic": "Remove Profile Pic",
  "Profile Paused!": "Profile Paused!",
  "This will suspend your profile and send your Collectible back to your wallet": "This will suspend your profile and send your Collectible back to your wallet",
  "While your profile is suspended, you won't be able to earn points, but your achievements and points will stay associated with your profile": "While your profile is suspended, you won't be able to earn points, but your achievements and points will stay associated with your profile",
  "Cost to reactivate in the future: %cost% CAKE": "Cost to reactivate in the future: %cost% CAKE",
  "%minimum% CAKE required to change profile pic": "%minimum% CAKE required to change profile pic",
  "Reactivate Profile": "Reactivate Profile",
  "No achievements yet!": "No achievements yet!",
  "Claim your Gift!": "Claim your Gift!",
  "Thank you for being a day-one user of Pancake Profiles!": "Thank you for being a day-one user of Pancake Profiles!",
  "If you haven't already noticed, we made a mistake and the starter bunny you chose got mixed up and changed into another bunny. Oops!": "If you haven't already noticed, we made a mistake and the starter bunny you chose got mixed up and changed into another bunny. Oops!",
  "To make it up to you, we’ll refund you the full 4 CAKE it cost to make your bunny.": "To make it up to you, we’ll refund you the full 4 CAKE it cost to make your bunny.",
  "We’re also preparing an all-new collectible for you to claim (for free!) in the near future.": "We’re also preparing an all-new collectible for you to claim (for free!) in the near future.",
  "Once you claim the refund, you can make another account with another wallet, mint a new bunny, and send it to your main account via the NFT page.": "Once you claim the refund, you can make another account with another wallet, mint a new bunny, and send it to your main account via the NFT page.",
  "Claim Your CAKE": "Claim Your CAKE",
  "Pancake Collectibles": "Pancake Collectibles",
  "Pancake Collectibles are special ERC-721 NFTs that can be used on the PancakeSwap platform.": "Pancake Collectibles are special ERC-721 NFTs that can be used on the PancakeSwap platform.",
  "NFTs in this user’s wallet that aren’t approved Pancake Collectibles won’t be shown here.": "NFTs in this user’s wallet that aren’t approved Pancake Collectibles won’t be shown here.",
  "No NFTs Found": "No NFTs Found",
  "See all approved Pancake Collectibles": "See all approved Pancake Collectibles",
  "Coming Soon!": "Coming Soon!",
  "Profile created!": "Profile created!",
  "Submitting NFT to contract and confirming User Name and Team.": "Submitting NFT to contract and confirming User Name and Team.",
  "Cost": "Cost",
  "Your Profile": "Your Profile",
  "Check your stats and collect achievements": "Check your stats and collect achievements",
  "You’ve got a gift to claim!": "You’ve got a gift to claim!",
  "Show off your stats and collectibles with your unique profile": "Show off your stats and collectibles with your unique profile",
  "Total cost: 1.5 CAKE": "Total cost: 1.5 CAKE",
  "Cost: %num% CAKE": "Cost: %num% CAKE",
  "You can change your profile pic later if you get another approved Pancake Collectible.": "You can change your profile pic later if you get another approved Pancake Collectible.",
  "Every profile starts by making a “starter” collectible (NFT).": "Every profile starts by making a “starter” collectible (NFT).",
  "We couldn’t find any Pancake Collectibles in your wallet.": "We couldn’t find any Pancake Collectibles in your wallet.",
  "You need a Pancake Collectible to finish setting up your profile. If you sold or transferred your starter collectible to another wallet, you’ll need to get it back or acquire a new one somehow. You can’t make a new starter with this wallet address.": "You need a Pancake Collectible to finish setting up your profile. If you sold or transferred your starter collectible to another wallet, you’ll need to get it back or acquire a new one somehow. You can’t make a new starter with this wallet address.",
  "The collectible you've chosen will be locked in a smart contract while it’s being used as your profile picture. Don't worry - you'll be able to get it back at any time.": "The collectible you've chosen will be locked in a smart contract while it’s being used as your profile picture. Don't worry - you'll be able to get it back at any time.",
  "It won’t be possible to undo the choice you make for the foreseeable future!": "It won’t be possible to undo the choice you make for the foreseeable future!",
  "There’s currently no big difference between teams, and no benefit of joining one team over another for now. So pick whichever one you like!": "There’s currently no big difference between teams, and no benefit of joining one team over another for now. So pick whichever one you like!",
  "Your name must be at least 3 and at most 15 standard letters and numbers long. You can’t change this once you click Confirm.": "Your name must be at least 3 and at most 15 standard letters and numbers long. You can’t change this once you click Confirm.",
  "Unable to verify username": "Unable to verify username",
  "Created %dateCreated% ago": "Created %dateCreated% ago",
  "Paused": "Paused",
  "April": "April",
  "Easter Battle": "Easter Battle",
  "$200,000 in Prizes!": "$200,000 in Prizes!",
  "Compete with other teams to win CAKE, collectible NFTs, achievements & more!": "Compete with other teams to win CAKE, collectible NFTs, achievements & more!",
  "Now Live!": "Now Live!",
  "Calculating prizes": "Calculating prizes",
  "I want to Battle!": "I want to Battle!",
  "Trade Now": "Trade Now",
  "Claim period over": "Claim period over",
  "Prizes Claimed!": "Prizes Claimed!",
  "Nothing to claim": "Nothing to claim",
  "Registered!": "Registered!",
  "Congratulations! You won": "Congratulations! You won",
  "Collectible NFT": "Collectible NFT",
  "All prizes will be sent directly to your wallet and user account.": "All prizes will be sent directly to your wallet and user account.",
  "How Can I Join?": "How Can I Join?",
  "Set up your": "Set up your",
  "Pancake Profile": "Pancake Profile",
  "then register for the competition by clicking “I WANT TO BATTLE” button above.": "then register for the competition by clicking “I WANT TO BATTLE” button above.",
  "Battle Time": "Battle Time",
  "Trade BNB/BUSD, CAKE/BNB, ETH/BNB and BTCB/BNB during the battle period to raise both your and your team’s score. See the Rules section below for more.": "Trade BNB/BUSD, CAKE/BNB, ETH/BNB and BTCB/BNB during the battle period to raise both your and your team’s score. See the Rules section below for more.",
  "Prize Claim": "Prize Claim",
  "Teams and traders will be ranked in the order of trading volume. Collect your prizes and celebrate!": "Teams and traders will be ranked in the order of trading volume. Collect your prizes and celebrate!",
  "Registration starting April 5": "Registration starting April 5",
  "Tier": "Tier",
  "CAKE Prizes (Split)": "CAKE Prizes (Split)",
  "Gold": "Gold",
  "Silver": "Silver",
  "Bronze": "Bronze",
  "Purple": "Purple",
  "Teal": "Teal",
  "#%team% Team": "#%team% Team",
  "Prizes by Team": "Prizes by Team",
  "Higher trading volume = higher rank!": "Higher trading volume = higher rank!",
  "Prizes to be distributed in CAKE and shared by all members of a tier. CAKE price in USD to be determined on the day of distribution. Details below.": "Prizes to be distributed in CAKE and shared by all members of a tier. CAKE price in USD to be determined on the day of distribution. Details below.",
  "Every eligible participant will win prizes at the end of the competition.": "Every eligible participant will win prizes at the end of the competition.",
  "The better your team performs, the better prizes you will get!": "The better your team performs, the better prizes you will get!",
  "The final winning team will be the team with the highest total combined volume of their top 500 members at the end of the competition period.": "The final winning team will be the team with the highest total combined volume of their top 500 members at the end of the competition period.",
  "Make a profile!": "Make a profile!",
  "It looks like you’ve disabled your account by removing your Pancake Collectible (NFT) profile picture.": "It looks like you’ve disabled your account by removing your Pancake Collectible (NFT) profile picture.",
  "Reactivate your profile!": "Reactivate your profile!",
  "You need to reactivate your profile by replacing your profile picture in order to join the competition.": "You need to reactivate your profile by replacing your profile picture in order to join the competition.",
  "Go to my profile": "Go to my profile",
  "You have registered for the competition!": "You have registered for the competition!",
  "Registering for the competition will make your wallet address publicly visible on the leaderboard.": "Registering for the competition will make your wallet address publicly visible on the leaderboard.",
  "This decision cannot be reversed.": "This decision cannot be reversed.",
  "I understand that my address may be displayed publicly throughout the competition.": "I understand that my address may be displayed publicly throughout the competition.",
  "Eligible trading pairs": "Eligible trading pairs",
  "Only trades on BNB/BUSD, CAKE/BNB, ETH/BNB and BTCB/BNB pairs will be included in volume calculations.": "Only trades on BNB/BUSD, CAKE/BNB, ETH/BNB and BTCB/BNB pairs will be included in volume calculations.",
  "Calculating team ranks and winners": "Calculating team ranks and winners",
  "Team ranks are calculated by the total combined volume of the top 500 members of each respective team.": "Team ranks are calculated by the total combined volume of the top 500 members of each respective team.",
  "Prize distribution": "Prize distribution",
  "Prizes to be distributed in CAKE and shared by all members of each respective tier as per the Prizes section above.": "Prizes to be distributed in CAKE and shared by all members of each respective tier as per the Prizes section above.",
  "CAKE prizes will be distributed as per the CAKE/BUSD price on the day of distribution. Every eligible participant will win prizes at the end of the competition.": "CAKE prizes will be distributed as per the CAKE/BUSD price on the day of distribution. Every eligible participant will win prizes at the end of the competition.",
  "Every participant will win at least one prize at the end of the competition": "Every participant will win at least one prize at the end of the competition",
  "Fine print": "Fine print",
  "In the event of a disagreement concerning the final winning team or rank, PancakeSwap will have the final say.": "In the event of a disagreement concerning the final winning team or rank, PancakeSwap will have the final say.",
  "PancakeSwap can and will disqualify any team or specific members that are proven to have taken malicious action or attempt to “cheat” in any way.": "PancakeSwap can and will disqualify any team or specific members that are proven to have taken malicious action or attempt to “cheat” in any way.",
  "Can I join the battle after it starts?": "Can I join the battle after it starts?",
  "Sorry, no. You need to register during the registration period, before the start of the event.": "Sorry, no. You need to register during the registration period, before the start of the event.",
  "How do I know if I successfully registered?": "How do I know if I successfully registered?",
  "At the top of the page, the text in the button “I Want to Battle” will change to “Registered”.": "At the top of the page, the text in the button “I Want to Battle” will change to “Registered”.",
  "How can I see my current rank?": "How can I see my current rank?",
  "Check Your Score section on the event page. You’ll need to connect your wallet, of course.": "Check Your Score section on the event page. You’ll need to connect your wallet, of course.",
  "How do I claim my prize(s)?": "How do I claim my prize(s)?",
  "After the battle ends, visit the event page and click the “Claim Prizes” button in the top section or in “Your Score” section. Once you claim your prizes successfully, the button text will change to “Prizes Claimed”.": "After the battle ends, visit the event page and click the “Claim Prizes” button in the top section or in “Your Score” section. Once you claim your prizes successfully, the button text will change to “Prizes Claimed”.",
  "Trade to increase your rank": "Trade to increase your rank",
  "Eligible pairs: BNB/BUSD, CAKE/BNB, ETH/BNB and BTCB/BNB": "Eligible pairs: BNB/BUSD, CAKE/BNB, ETH/BNB and BTCB/BNB",
  "Play as a team": "Play as a team",
  "The higher your team’s rank, the better your prizes": "The higher your team’s rank, the better your prizes",
  "Top Traders": "Top Traders",
  "Since start of the competition": "Since start of the competition",
  "Show More": "Show More",
  "Share Score": "Share Score",
  "Your tier: gold": "Your tier: gold",
  "Love, The Chefs x": "Love, The Chefs x",
  "HECK YEAH!": "HECK YEAH!",
  "Next tier": "Next tier",
  "to become #%rank% in team": "to become #%rank% in team",
  "#%global% Overall": "#%global% Overall",
  "CAKE Prizes": "CAKE Prizes",
  "Share Your Score": "Share Your Score",
  "Brag to your friends and annoy your rivals with your custom scorecard!": "Brag to your friends and annoy your rivals with your custom scorecard!",
  "Download Image": "Download Image",
  "Screenshot or press & hold the image to share!": "Screenshot or press & hold the image to share!",
  "Block %num%": "Block %num%",
  "%max% %symbol% Available": "%max% %symbol% Available",
  "Profile Pic": "Profile Pic",
  "Transfer": "Transfer",
  "Congratulations!": "Congratulations!",
  "You won a collectible!": "You won a collectible!",
  "Claim now": "Claim now",
  "NFT in wallet": "NFT in wallet",
  "Trade in your NFT for CAKE, or just keep it for your collection.": "Trade in your NFT for CAKE, or just keep it for your collection.",
  "No NFTs to claim": "No NFTs to claim",
  "You have no NFTs to claim at this time, but you can still see the NFTs in this series below.": "You have no NFTs to claim at this time, but you can still see the NFTs in this series below.",
  "Please wait...": "Please wait...",
  "The claiming period hasn’t started yet. Check back soon.": "The claiming period hasn’t started yet. Check back soon.",
  "Please enter a valid wallet address": "Please enter a valid wallet address",
  "Unable to transfer NFT": "Unable to transfer NFT",
  "Transfer NFT": "Transfer NFT",
  "Transferring": "Transferring",
  "Receiving address": "Receiving address",
  "Paste address": "Paste address",
  "Could not retrieve CAKE costs for profile": "Could not retrieve CAKE costs for profile",
  "An error occurred approving transaction": "An error occurred approving transaction",
  "Provider Error": "Provider Error",
  "No provider was found": "No provider was found",
  "Authorization Error": "Authorization Error",
  "Please authorize to access your account": "Please authorize to access your account",
  "Unable to find connector": "Unable to find connector",
  "The connector config is wrong": "The connector config is wrong",
  "You have contributed %amount% CAKE-BNB LP tokens to this IFO!": "You have contributed %amount% CAKE-BNB LP tokens to this IFO!",
  "You’ll need CAKE-BNB LP tokens to participate in the IFO!": "You’ll need CAKE-BNB LP tokens to participate in the IFO!",
  "Your %symbol% committed": "Your %symbol% committed",
  "Your %symbol% RECLAIMED": "Your %symbol% RECLAIMED",
  "Your %symbol% TO RECLAIM": "Your %symbol% TO RECLAIM",
  "%symbol% received": "%symbol% received",
  "%symbol% to receive": "%symbol% to receive",
  "Stories were told, and songs were sung about Chef Mixie’s pancakes and her big Syrup gun.": "Stories were told, and songs were sung about Chef Mixie’s pancakes and her big Syrup gun.",
  "Eggscellent! Celebrating Syrup Storm winning the Easter Battle!": "Eggscellent! Celebrating Syrup Storm winning the Easter Battle!",
  "Melting Easter eggs and melting hearts!": "Melting Easter eggs and melting hearts!",
  "Watch out for Flipsie’s spatula smash!": "Watch out for Flipsie’s spatula smash!",
  "Do you like chocolate with your syrup? Go long!": "Do you like chocolate with your syrup? Go long!",
  "Happy Niu Year! This bunny’s excited for the year of the bull (market!)": "Happy Niu Year! This bunny’s excited for the year of the bull (market!)",
  "Oopsie daisy! Hiccup's had a bit of an accident. Poor little fella.": "Oopsie daisy! Hiccup's had a bit of an accident. Poor little fella.",
  "Aww, looks like eating pancakes all day is not easy. Sweet dreams!": "Aww, looks like eating pancakes all day is not easy. Sweet dreams!",
  "Sunny is always cheerful when there are pancakes around. Smile!": "Sunny is always cheerful when there are pancakes around. Smile!",
  "Don't let that dopey smile deceive you... Churro's a master CAKE chef!": "Don't let that dopey smile deceive you... Churro's a master CAKE chef!",
  "Nommm... Oh hi, I'm just meditating on the meaning of CAKE.": "Nommm... Oh hi, I'm just meditating on the meaning of CAKE.",
  "Three guesses what's put that twinkle in those eyes! (Hint: it's CAKE)": "Three guesses what's put that twinkle in those eyes! (Hint: it's CAKE)",
  "These bunnies love nothing more than swapping pancakes. Especially on BSC.": "These bunnies love nothing more than swapping pancakes. Especially on BSC.",
  "It's raining syrup on this bunny, but he doesn't seem to mind. Can you blame him?": "It's raining syrup on this bunny, but he doesn't seem to mind. Can you blame him?",
  "These bunnies like their pancakes with blueberries. What's your favorite topping?": "These bunnies like their pancakes with blueberries. What's your favorite topping?",
  "Love makes the world go 'round... but so do pancakes. And these bunnies know it.": "Love makes the world go 'round... but so do pancakes. And these bunnies know it.",
  "It’s sparkling syrup, pancakes, and even lottery tickets! This bunny really loves it.": "It’s sparkling syrup, pancakes, and even lottery tickets! This bunny really loves it.",
  "The storm's a-comin! Watch out! These bulls are stampeding in a syrupy surge!": "The storm's a-comin! Watch out! These bulls are stampeding in a syrupy surge!",
  "The flippening is coming. Don't get in these bunnies' way, or you'll get flipped, too!": "The flippening is coming. Don't get in these bunnies' way, or you'll get flipped, too!",
  "Can you stand the heat? Stay out of the kitchen or you might get burned to a crisp!": "Can you stand the heat? Stay out of the kitchen or you might get burned to a crisp!",
  "%ratio%% of total sale": "%ratio%% of total sale",
  "Your %symbol% earnings have been sent to your wallet!": "Your %symbol% earnings have been sent to your wallet!",
  "Your %symbol% earnings have been re-invested into the pool!": "Your %symbol% earnings have been re-invested into the pool!",
  "Stake %symbol%": "Stake %symbol%",
  "You must harvest and compound your earnings from this pool manually.": "You must harvest and compound your earnings from this pool manually.",
  "Register": "Register",
  "Contribute %symbol%": "Contribute %symbol%",
  "Volume": "Volume",
  "%symbol% per $1,000": "%symbol% per $1,000",
  "Prediction (BETA)": "Prediction (BETA)",
  "Collectibles": "Collectibles",
  "Team Battle": "Team Battle",
  "Teams & Profile": "Teams & Profile",
  "Leaderboard": "Leaderboard",
  "Tokens": "Tokens",
  "Contact": "Contact",
  "Merch": "Merch",
  "LP Migration": "LP Migration",
  "V1 Liquidity (Old)": "V1 Liquidity (Old)",
  "Claim Collectible": "Claim Collectible",
  "The higher your team’s rank, the better your prizes!": "The higher your team’s rank, the better your prizes!",
  "Get Ready": "Get Ready",
  "Earn up to %highestApr% APR in Farms": "Earn up to %highestApr% APR in Farms",
  "Earn %assets% in Pools": "Earn %assets% in Pools",
  "Activate PancakeSwap Profile to take part in next IFO‘s!": "Activate PancakeSwap Profile to take part in next IFO‘s!",
  "Trading Battle": "Trading Battle",
  "Prediction": "Prediction",
  "Initial Farm Offering": "Initial Farm Offering",
  "An error occurred confirming transaction": "An error occurred confirming transaction",
  "Successfully Enabled!": "Successfully Enabled!",
  "You can now participate in the %symbol% IFO.": "You can now participate in the %symbol% IFO.",
  "Team Ranks": "Team Ranks",
  "Prizes": "Prizes",
  "Rules": "Rules",
  "Entry": "Entry",
  "Enable pool": "Enable pool",
  "Start staking": "Start staking",
  "Search Pools": "Search Pools",
  "Ends in": "Ends in",
  "Starts in": "Starts in",
  "Total amount of %symbol% staked in this pool": "Total amount of %symbol% staked in this pool",
  "These pools are no longer distributing rewards. Please unstake your tokens.": "These pools are no longer distributing rewards. Please unstake your tokens.",
  "Max. stake per user": "Max. stake per user",
  "You have claimed your rewards!": "You have claimed your rewards!",
  "Already Collected": "Already Collected",
  "Prediction Markets": "Prediction Markets",
  "Now Live": "Now Live",
  "in Beta": "in Beta"
}
